id,first_name,last_name,occupation,salary
1,Ethan,Miller,Software Engineer,120000.0
2,Olivia,Davis,Data Scientist,135000.0
3,Liam,Garcia,Product Manager,150000.0
4,Emma,Rodriguez,UX Designer,105000.0
5,Noah,Martinez,Marketing Specialist,85000.0
6,Ava,Hernandez,Financial Analyst,95000.0
7,William,Lopez,Physician,250000.0
8,Sophia,Gonzalez,Nurse,80000.0
9,James,Wilson,Architect,110000.0
10,Isabella,Anderson,Teacher,65000.0
11,Benjamin,Thomas,Electrician,75000.0
12,Charlotte,Taylor,Graphic Designer,60000.0
13,Lucas,Moore,Consultant,160000.0
14,Amelia,Jackson,Librarian,55000.0
15,Henry,Martin,Chef,70000.0
16,Mia,Lee,Real Estate Agent,100000.0
17,Alexander,Perez,Police Officer,68000.0
18,Harper,Hall,Veterinarian,115000.0
19,Daniel,Young,Pilot,180000.0
20,Evelyn,Allen,Journalist,62000.0
21,Matthew,Sanchez,Mechanical Engineer,105000.0
22,Abigail,Wright,Paralegal,58000.0
23,Jackson,King,IT Technician,65000.0
24,Emily,Scott,Biologist,85000.0
25,Samuel,Green,Civil Engineer,110000.0
26,Ella,Baker,Accountant,90000.0
27,Aiden,Adams,Sales Manager,140000.0
28,Scarlett,Nelson,Photographer,50000.0
29,Joseph,Carter,Firefighter,72000.0
30,Grace,Mitchell,Speech Pathologist,78000.0
31,David,Roberts,Statistician,125000.0
32,Chloe,Phillips,Social Worker,52000.0
33,Gabriel,Campbell,Professor,98000.0
34,Zoe,Parker,HR Specialist,82000.0
35,Julian,Evans,Dentist,190000.0
36,Penelope,Edwards,Pharmacist,120000.0
37,Leo,Collins,Geologist,95000.0
38,Lily,Stewart,Museum Curator,60000.0
39,Christopher,Morris,Web Developer,100000.0
40,Victoria,Rogers,Interior Designer,70000.0
41,Andrew,Reed,Construction Manager,130000.0
42,Layla,Cook,Optometrist,110000.0
43,Theodore,Morgan,Economist,145000.0
44,Avery,Bell,Physical Therapist,85000.0
45,Joshua,Murphy,Aerospace Engineer,155000.0
46,Stella,Bailey,Insurance Agent,65000.0
47,Owen,Rivera,Truck Driver,60000.0
48,Nora,Cooper,Occupational Therapist,92000.0
49,Ryan,Richardson,Technical Writer,75000.0
50,Hazel,Cox,Chemist,90000.0
51,Caleb,Howard,Musician,45000.0
52,Madeline,Ward,School Administrator,105000.0
53,Isaac,Peterson,Clergy,55000.0
54,Skylar,Gray,Fitness Trainer,48000.0
55,Jack,Ramirez,Forester,68000.0
56,Elena,James,Fashion Designer,80000.0
57,Elijah,Watson,Security Guard,42000.0
58,Violet,Brooks,Psychologist,115000.0
59,Carter,Kelly,Journalist,63000.0
60,Ruby,Sanders,Radiologist,220000.0
61,Adrian,Price,Stockbroker,170000.0
62,Anna,Bennett,Veterinary Technician,50000.0
63,Robert,Wood,Hydrologist,97000.0
64,Sarah,Barnes,School Counselor,75000.0
65,John,Fisher,Lobbyist,130000.0
66,Natalie,Henderson,Physical Therapist,88000.0
67,Miles,Coleman,Urban Planner,95000.0
68,Brooklyn,Jenkins,Event Coordinator,55000.0
69,Dominic,Perry,Electrician,78000.0
70,Alexa,Powell,Marketing Manager,110000.0
71,Grayson,Long,Network Engineer,105000.0
72,Alice,Patterson,Archivist,59000.0
73,Aaron,Hughes,Judge,160000.0
74,Maya,Flores,Pediatrician,195000.0
75,Tristan,Washington,Software Developer,125000.0
76,Maria,Butler,Dietitian,70000.0
77,Austin,Simmons,Librarian,56000.0
78,Luna,Foster,Data Analyst,90000.0
79,Connor,Gonzales,Pilot,170000.0
80,Savannah,Bryant,Hair Stylist,45000.0
81,Brandon,Alexander,Geothermal Engineer,115000.0
82,Clara,Harrison,Museum Technician,52000.0
83,Colin,Ruiz,Paramedic,65000.0
84,Kinsley,Fisher,Forensic Scientist,98000.0
85,Gavin,Graham,Biomedical Engineer,120000.0
86,Aurora,Ross,Cartographer,72000.0
87,Kenneth,West,Auto Mechanic,55000.0
88,Willow,Jordan,Copywriter,60000.0
89,Preston,Owens,Actuary,150000.0
90,Eleanor,Reynolds,Curator,85000.0
91,Harrison,Snyder,Management Consultant,180000.0
92,Leah,Gibson,Operations Manager,110000.0
93,Declan,McCoy,Welder,62000.0
94,Naomi,Elliott,Public Relations Specialist,78000.0
95,Wesley,Hayes,Systems Analyst,100000.0
96,Stella,Bishop,Occupational Safety Specialist,90000.0
97,Tucker,Harrison,Roofer,50000.0
98,Victoria,Mendoza,Supply Chain Manager,135000.0
99,Patrick,Wagner,Financial Manager,145000.0
100,Zoe,Nichols,Biotechnologist,105000.0
